"id_client";"nom";"prenom";"adresse";"genre";"age"
"1";"Holt, Lee P.";"Chase Jefferson";"Frigento";"M";"95"
"2";"Brown, Lester J.";"Linda Bruce";"Söke";"F";"98"
"3";"Hayden, Tobias Z.";"Guy Kaufman";"Zipaquirá";"M";"16"
"4";"Padilla, Jael O.";"Wesley Henderson";"Cicagna";"M";"68"
"5";"Matthews, Ila Y.";"Kasimir Burt";"Sevastopol";"M";"49"
"6";"Chavez, Dexter W.";"Sopoline Wiggins";"Machilipatnam";"F";"35"
"7";"Dickerson, Amethyst Z.";"Bell Tran";"Bientina";"F";"102"
"8";"Bird, Abel D.";"Sade Harrison";"Cochin";"M";"64"
"9";"Wallace, Sydnee O.";"Roth Morris";"Montoggio";"M";"29"
"10";"Mann, Piper J.";"Ralph Kim";"Rzeszów";"M";"31"
"11";"Dyer, Allistair I.";"Wanda Macdonald";"Saint Louis";"F";"77"
"12";"Mejia, Celeste N.";"Sean Byers";"HŽlŽcine";"F";"47"
"13";"Baker, Lars E.";"Fuller Mann";"Sint-Lambrechts-Woluwe";"F";"78"
"14";"Banks, Prescott O.";"Wilma Alston";"Antey-Saint-Andrè";"M";"82"
"15";"Berry, Mark Z.";"Juliet Hull";"Cervino";"F";"24"
"16";"Russell, Hyatt W.";"Jarrod Salas";"Ortonovo";"M";"81"
"17";"Howe, Duncan W.";"Carter Baxter";"Macchia Valfortore";"F";"68"
"18";"Bradford, Keane K.";"Lacy Mason";"Idaho Falls";"F";"15"
"19";"Emerson, Linda P.";"Carol Leach";"Whitchurch-Stouffville";"M";"39"
"20";"Berger, Edan S.";"Joseph Macias";"Forgaria nel Friuli";"F";"72"
"21";"Beasley, Blake L.";"Moana Carter";"Olen";"M";"105"
"22";"Watson, Kristen G.";"Sloane Wagner";"Borås";"M";"97"
"23";"Paul, Arthur P.";"Cody Heath";"Gresham";"F";"77"
"24";"Barlow, Cheyenne C.";"Colorado Dominguez";"Lleida";"M";"69"
"25";"Wong, Maile Z.";"Alice Bowen";"Oxford";"F";"97"
"26";"Spears, Brody W.";"Malik Sims";"Abergavenny";"F";"97"
"27";"Molina, Molly A.";"Neville Mercer";"Alhué";"M";"75"
"28";"Cotton, Allegra K.";"Travis Puckett";"Nanded";"M";"34"
"29";"Porter, Lilah Y.";"Shea Myers";"Barghe";"M";"103"
"30";"Cooke, Chelsea I.";"Deanna Baird";"Mühlheim am Main";"F";"35"
"31";"Hale, Candace B.";"Tallulah Navarro";"Rockville";"M";"99"
"32";"Goff, Tucker U.";"Tana Clements";"Anápolis";"F";"28"
"33";"Cox, Erin L.";"Latifah Joseph";"Wambeek";"F";"57"
"34";"Lang, Stacey Z.";"Akeem Mason";"Mala";"M";"25"
"35";"Macdonald, Fuller M.";"Ethan Howell";"Gelbressee";"M";"19"
"36";"Woodard, Dara O.";"Yvette Sweeney";"Ajax";"M";"13"
"37";"Vega, Louis C.";"Callie Sawyer";"Buti";"F";"33"
"38";"Roman, Colleen D.";"Maite Alston";"Tacoma";"M";"93"
"39";"Kirby, Taylor B.";"Oleg Mcgee";"Ancona";"F";"41"
"40";"Castro, Axel U.";"Caesar Curtis";"Meerle";"F";"90"
"41";"Mercer, Ifeoma W.";"Kelly Wise";"Coatzacoalcos";"F";"88"
"42";"Murray, Lee E.";"Fredericka Shields";"Port Coquitlam";"M";"80"
"43";"Greer, Hop K.";"Isabella Mooney";"Iseyin";"M";"84"
"44";"Nicholson, Judith D.";"Selma Joyce";"Domodedovo";"M";"88"
"45";"Ortega, Jeanette W.";"Juliet Rojas";"Nampa";"F";"14"
"46";"Schultz, Kiara C.";"Tanisha Hammond";"Cropalati";"F";"50"
"47";"Horne, Anthony J.";"Steel Cole";"Gallodoro";"M";"100"
"48";"Mitchell, Orson P.";"Joshua Noel";"Cagliari";"M";"20"
"49";"Gilliam, Hadassah X.";"Igor Hurley";"Haridwar";"M";"17"
"50";"Chase, Ifeoma Q.";"Reuben Boyer";"Bhir";"M";"77"
"51";"Gordon, Chantale S.";"Lionel Burch";"Lillianes";"F";"94"
"52";"Vang, Whitney Y.";"Joseph Oneal";"Beveren";"M";"59"
"53";"Sosa, Fitzgerald K.";"Candace English";"Miramichi";"M";"99"
"54";"Trevino, Hashim S.";"Iris Colon";"Siquirres";"F";"102"
"55";"Rutledge, Marny W.";"Karyn Mcdaniel";"Draguignan";"F";"39"
"56";"Kirkland, Warren K.";"Farrah Farmer";"Ramara";"M";"36"
"57";"Ramos, Abdul L.";"Cameron May";"Zittau";"M";"28"
"58";"Hansen, Wang R.";"Craig Murray";"Monfumo";"F";"14"
"59";"Daniels, Lacey Q.";"Irma Sutton";"Lonzee";"M";"78"
"60";"Kidd, Adara P.";"Zelda Dickerson";"Pratovecchio";"F";"71"
"61";"Boyer, Aaron G.";"Tatyana Reyes";"Vizianagaram";"F";"63"
"62";"Pierce, Jillian G.";"Victoria Aguirre";"Jette";"M";"75"
"63";"Ortiz, Zane S.";"Indigo Randall";"Chancay";"F";"31"
"64";"Gilbert, Thane P.";"Lyle Savage";"Lakeland County";"M";"10"
"65";"Barry, Rae X.";"Harlan Mullen";"Tyumen";"M";"14"
"66";"Case, Yuri X.";"Carter Finch";"Manokwari";"F";"20"
"67";"Osborne, Buckminster P.";"Hannah Hendricks";"San Giovanni la Punta";"F";"101"
"68";"Lowery, Martha C.";"Basil Wilson";"Pishin Valley";"M";"66"
"69";"Logan, Oscar V.";"Neville Mitchell";"Alkmaar";"F";"93"
"70";"Jackson, Irma E.";"Lysandra Beach";"Springfield";"M";"54"
"71";"Wise, Samuel U.";"Erin Ortega";"Mont";"M";"69"
"72";"Mullen, Hiroko U.";"Jena Hess";"Wood Buffalo";"M";"43"
"73";"Abbott, Iona C.";"Donovan Carney";"Desamparados";"M";"72"
"74";"Kane, Dorian B.";"Malachi Carey";"Melilla";"F";"19"
"75";"Herring, Gail K.";"Ila Rasmussen";"Guápiles";"F";"89"
"76";"Nicholson, Channing H.";"Jin Spears";"Paderborn";"M";"92"
"77";"Horton, Tiger R.";"Coby Hensley";"Spittal an der Drau";"M";"69"
"78";"Atkinson, Austin J.";"Phyllis Wilder";"Harrogate";"F";"35"
"79";"Mcclure, Basia I.";"Ryder Mitchell";"Narowal";"M";"47"
"80";"Norton, Marcia M.";"Keaton Hernandez";"Voskresensk";"M";"27"
"81";"Fischer, Heather Z.";"Troy Stanton";"Arequipa";"M";"69"
"82";"Peters, Darius B.";"Yoko Mcbride";"Muzaffarpur";"F";"97"
"83";"Conley, Tashya J.";"Regan Foreman";"Warwick";"F";"88"
"84";"Marshall, Carol J.";"Heather Foreman";"Bostaniçi";"M";"90"
"85";"Armstrong, Irma T.";"Stacy Hall";"Bekkerzeel";"M";"66"
"86";"Case, Selma W.";"Zahir Gonzales";"Pontarlier";"M";"58"
"87";"Eaton, Jasper D.";"Zena Walton";"Vedrin";"M";"15"
"88";"Flynn, Vladimir Q.";"Laura Meyers";"Harrisburg";"M";"34"
"89";"Howard, Joseph Z.";"Ora Moody";"Santa Cruz";"M";"103"
"90";"Booth, Christen H.";"Tara Mcintosh";"Sluizen";"M";"70"
"91";"Hyde, Charles V.";"Slade Gonzalez";"Bredene";"M";"26"
"92";"Green, Chelsea E.";"Walter Atkins";"Mocoa";"M";"54"
"93";"Miles, Pamela K.";"Leslie Olsen";"Wortel";"M";"104"
"94";"Carlson, Linda J.";"Madison Goff";"Charny";"F";"12"
"95";"Mcdowell, Glenna R.";"Charity Valenzuela";"San Giovanni in Galdo";"M";"55"
"96";"Hewitt, Russell G.";"Timothy Hicks";"Suruç";"F";"84"
"97";"Kemp, Rooney B.";"Arthur Craig";"Cajazeiras";"F";"63"
"98";"Mcdaniel, Phelan R.";"Emerald Abbott";"Obertshausen";"F";"81"
"99";"Meyer, Sacha J.";"Dai Harding";"Bogaarden";"M";"64"
"100";"Tyler, Simon N.";"Veronica Oneal";"Melbourne";"F";"81"
